{"Version":1,"ManifestType":"Publish","Endpoints":[{"Route":"css/site.css","AssetFile":"css/site.css","Selectors":[],"ResponseHeaders":[{"Name":"Cache-Control","Value":"no-cache"},{"Name":"Content-Length","Value":"2300"},{"Name":"Content-Type","Value":"text/css"},{"Name":"ETag","Value":"\"+/QL9Al4vEV78gygPXJwzjLzQkvHVkWGYAyHOOzx19w=\""},{"Name":"Last-Modified","Value":"Tue, 25 Nov 2025 12:04:15 GMT"}],"EndpointProperties":[{"Name":"integrity","Value":"sha256-+/QL9Al4vEV78gygPXJwzjLzQkvHVkWGYAyHOOzx19w="}]},{"Route":"css/site.nxojoqfpwb.css","AssetFile":"css/site.css","Selectors":[],"ResponseHeaders":[{"Name":"Cache-Control","Value":"max-age=31536000, immutable"},{"Name":"Content-Length","Value":"2300"},{"Name":"Content-Type","Value":"text/css"},{"Name":"ETag","Value":"\"+/QL9Al4vEV78gygPXJwzjLzQkvHVkWGYAyHOOzx19w=\""},{"Name":"Last-Modified","Value":"Tue, 25 Nov 2025 12:04:15 GMT"}],"EndpointProperties":[{"Name":"fingerprint","Value":"nxojoqfpwb"},{"Name":"integrity","Value":"sha256-+/QL9Al4vEV78gygPXJwzjLzQkvHVkWGYAyHOOzx19w="},{"Name":"label","Value":"css/site.css"}]},{"Route":"js/chat.fyw49j06nm.js","AssetFile":"js/chat.js","Selectors":[],"ResponseHeaders":[{"Name":"Cache-Control","Value":"max-age=31536000, immutable"},{"Name":"Content-Length","Value":"5463"},{"Name":"Content-Type","Value":"text/javascript"},{"Name":"ETag","Value":"\"KSuXyMMO+CypTK1Jlc0K/tuW1x2jD+XIbNYGQVzmT6s=\""},{"Name":"Last-Modified","Value":"Tue, 25 Nov 2025 12:04:43 GMT"}],"EndpointProperties":[{"Name":"fingerprint","Value":"fyw49j06nm"},{"Name":"integrity","Value":"sha256-KSuXyMMO+CypTK1Jlc0K/tuW1x2jD+XIbNYGQVzmT6s="},{"Name":"label","Value":"js/chat.js"}]},{"Route":"js/chat.js","AssetFile":"js/chat.js","Selectors":[],"ResponseHeaders":[{"Name":"Cache-Control","Value":"no-cache"},{"Name":"Content-Length","Value":"5463"},{"Name":"Content-Type","Value":"text/javascript"},{"Name":"ETag","Value":"\"KSuXyMMO+CypTK1Jlc0K/tuW1x2jD+XIbNYGQVzmT6s=\""},{"Name":"Last-Modified","Value":"Tue, 25 Nov 2025 12:04:43 GMT"}],"EndpointProperties":[{"Name":"integrity","Value":"sha256-KSuXyMMO+CypTK1Jlc0K/tuW1x2jD+XIbNYGQVzmT6s="}]}]}