{"Version":1,"ManifestType":"Publish","Endpoints":[{"Route":"css/site.css","AssetFile":"css/site.css","Selectors":[],"ResponseHeaders":[{"Name":"Cache-Control","Value":"no-cache"},{"Name":"Content-Length","Value":"2300"},{"Name":"Content-Type","Value":"text/css"},{"Name":"ETag","Value":"\"+/QL9Al4vEV78gygPXJwzjLzQkvHVkWGYAyHOOzx19w=\""},{"Name":"Last-Modified","Value":"Tue, 25 Nov 2025 12:04:15 GMT"}],"EndpointProperties":[{"Name":"integrity","Value":"sha256-+/QL9Al4vEV78gygPXJwzjLzQkvHVkWGYAyHOOzx19w="}]},{"Route":"css/site.nxojoqfpwb.css","AssetFile":"css/site.css","Selectors":[],"ResponseHeaders":[{"Name":"Cache-Control","Value":"max-age=31536000, immutable"},{"Name":"Content-Length","Value":"2300"},{"Name":"Content-Type","Value":"text/css"},{"Name":"ETag","Value":"\"+/QL9Al4vEV78gygPXJwzjLzQkvHVkWGYAyHOOzx19w=\""},{"Name":"Last-Modified","Value":"Tue, 25 Nov 2025 12:04:15 GMT"}],"EndpointProperties":[{"Name":"fingerprint","Value":"nxojoqfpwb"},{"Name":"integrity","Value":"sha256-+/QL9Al4vEV78gygPXJwzjLzQkvHVkWGYAyHOOzx19w="},{"Name":"label","Value":"css/site.css"}]},{"Route":"js/chat.js","AssetFile":"js/chat.js","Selectors":[],"ResponseHeaders":[{"Name":"Cache-Control","Value":"no-cache"},{"Name":"Content-Length","Value":"5759"},{"Name":"Content-Type","Value":"text/javascript"},{"Name":"ETag","Value":"\"8APvQRLaVXvK6qWT6jeccl2HtI+HSOmMM8AkIzmf7P0=\""},{"Name":"Last-Modified","Value":"Tue, 25 Nov 2025 12:12:02 GMT"}],"EndpointProperties":[{"Name":"integrity","Value":"sha256-8APvQRLaVXvK6qWT6jeccl2HtI+HSOmMM8AkIzmf7P0="}]},{"Route":"js/chat.krbetb8o4a.js","AssetFile":"js/chat.js","Selectors":[],"ResponseHeaders":[{"Name":"Cache-Control","Value":"max-age=31536000, immutable"},{"Name":"Content-Length","Value":"5759"},{"Name":"Content-Type","Value":"text/javascript"},{"Name":"ETag","Value":"\"8APvQRLaVXvK6qWT6jeccl2HtI+HSOmMM8AkIzmf7P0=\""},{"Name":"Last-Modified","Value":"Tue, 25 Nov 2025 12:12:02 GMT"}],"EndpointProperties":[{"Name":"fingerprint","Value":"krbetb8o4a"},{"Name":"integrity","Value":"sha256-8APvQRLaVXvK6qWT6jeccl2HtI+HSOmMM8AkIzmf7P0="},{"Name":"label","Value":"js/chat.js"}]}]}